{
  "n_total": 57,
  "original": {
    "3.3-3.7": 34,
    "2.7-3.0": 12,
    "Above 3.7": 9,
    "Below 2.3": 1,
    "2.3-2.7": 1
  },
  "trunc_normal_fit": {
    "mu": 3.3000593376884346,
    "sigma": 0.40135332879504426,
    "nll": 63.00683540228079,
    "aic": 130.01367080456157
  },
  "beta_fit": {
    "alpha": 16.254951123854244,
    "beta": 4.943438857282825,
    "nll": 63.338933332261306,
    "aic": 130.6778666645226
  },
  "primary": "trunc_normal",
  "trunc_normal_counts": {
    "Below 2.3": 1,
    "2.3-2.7": 1,
    "2.7-3.0": 12,
    "3.0-3.3": 15.12,
    "3.3-3.7": 18.88,
    "Above 3.7": 9
  },
  "beta_counts": {
    "Below 2.3": 1,
    "2.3-2.7": 1,
    "2.7-3.0": 12,
    "3.0-3.3": 13.43,
    "3.3-3.7": 20.57,
    "Above 3.7": 9
  },
  "loglin_counts": {
    "3.3-3.7": 21.65,
    "2.7-3.0": 12.0,
    "Above 3.7": 9.0,
    "Below 2.3": 1.0,
    "2.3-2.7": 1.0,
    "3.0-3.3": 12.35
  }
}